{
  "materials": [
    {
      "item": {
        "tag": "forge:ingots/gold"
      },
      "count": 16
    },
    {
      "item": {
        "tag": "forge:ingots/iron"
      },
      "count": 64
    },
    {
      "item": {
        "tag": "forge:gems/diamond"
      },
      "count": 2
    },
    {
      "item": {
        "tag": "forge:gems/lapis"
      },
      "count": 20
    },
    {
      "item": {
        "tag": "forge:gems/quartz"
      },
      "count": 4
    },
    {
      "item": {
        "item": "minecraft:crying_obsidian"
      },
      "count": 1
    }
  ],
  "result": {
    "type": "gun",
    "id": "atea:mdxu"
  }
}