{
    "model": "gz:gun/military_p416_geo",
    "texture": "gz:gun/uv/military_p416",
    "lod": {
        "model": "gz:gun/military_p416",
        "texture": "gz:gun/military_p416"
    },
    "hud": "gz:gun/hud/military_p416",
    "slot": "gz:gun/slot/military_p416",
    "animation": "gz:p416",
    "use_default_animation": "rifle",
    "third_person_animation": "default",
    "transform": {
        "scale": {
            "thirdperson": [
                0.6,
                0.6,
                0.6
            ],
            "ground": [
                0.6,
                0.6,
                0.6
            ],
            "fixed": [
                1.2,
                1.2,
                1.2
            ]
        }
    },
    "muzzle_flash": {
        "texture": "gz:flash/common_muzzle_flash",
        "scale": 0.5
    },
    "shell": {
        "initial_velocity": [
            5,
            2,
            1
        ],
        "random_velocity": [
            1,
            1,
            0.25
        ],
        "acceleration": [
            0.0,
            -10,
            0.0
        ],
        "angular_velocity": [
            360,
            -1200,
            90
        ],
        "living_time": 1.0
    },
    "sounds": {
        "shoot": "gz:p416/p416_shoot",
        "shoot_3p": "gz:p416/p416_shoot_3p",
        "silence": "gz:p416/p416_silence",
        "silence_3p": "gz:p416/p416_silence_3p",
        "reload_empty": "tacz:hk416d/hk416d_reload_empty",
        "reload_tactical": "tacz:hk416d/hk416d_reload_tactical",
        "inspect": "tacz:hk416d/hk416d_inspect",
        "inspect_empty": "tacz:hk416d/hk416d_inspect_empty",
        "draw": "tacz:hk416d/hk416d_draw",
        "put_away": "tacz:hk416d/hk416d_put_away"
    }
}