{
    "ammo": "nitrogen:9x21",
    "ammo_amount": 20,
    "extended_mag_ammo_amount": [
      25,
      30,
      35
    ],
    "bolt": "closed_bolt",
    "rpm": 900,
    "bullet": {
      "life": 0.7,
      "bullet_amount": 1,
      "damage": 4.7,
      "tracer_count_interval": 0,
      "extra_damage": {
        "armor_ignore": 0.35,
        "head_shot_multiplier": 1.2,
        "damage_adjust": [
          {"distance": 20.5, "damage": 4.7},
          {"distance": 35.5, "damage": 4.2},
          {"distance": 60, "damage": 3.3},
          {"distance": "infinite", "damage": 3}
        ]
      },
      "speed": 190,
      "gravity": 0.0245,
      "knockback": 0.05,
      "friction": 0.012,
      "ignite": false,
      "pierce": 1
    },
    "reload": {
      "type": "magazine",
      "feed": {
        "empty": 1.9,
        "tactical": 1.23
      },
      "cooldown": {
        "empty": 2.4,
        "tactical": 1.77
      }
    },
    "draw_time": 0.35,
    "put_away_time": 0.4,
    "aim_time": 0.2,
    "sprint_time": 0.2,
    "weight": 1.65,
    "movement_speed": {
      "base": 0.0,
      "aim": -0.2,
      "reload": -0.15
    },
    "fire_mode": [
      "auto",
      "semi"
    ],
    "recoil": {
      "pitch": [
        {"time": 0, "value": [0.65, 0.65]},
        {"time": 0.3, "value": [0.65, 0.65]},
        {"time": 0.5, "value": [-0.125, -0.125]},
        {"time": 0.65, "value": [0, 0]}
      ],
      "yaw": [
        {"time": 0, "value": [-0.25, 0.25]},
        {"time": 0.3, "value": [-0.85, 0.85]},
        {"time": 0.5, "value": [-0.35, 0.35]},
        {"time": 0.55, "value": [0, 0]}
      ]
    },
    "hurt_bob_tweak_multiplier": 0.05,
    "inaccuracy": {
      "stand": 7.2,
      "move": 8.6,
      "sneak": 6.2,
      "lie": 3.5,
      "aim": 0.175
    },
    "allow_attachment_types": [
      "scope",
      "muzzle",
      "extended_mag"
    ]
  }