{
    "materials": [
        {
          "item": {
            "tag": "forge:gems/diamond"
          },
          "count": 10
        },
        {
          "item": {
            "tag": "forge:ingots/gold"
          },
          "count": 30
        },
        {
          "item": {
            "tag": "forge:ingots/iron"
          },
          "count": 80
        },
        {
          "item": {
            "tag": "forge:rods/blaze"
          },
          "count": 1
        }
    ],
    "result": {
      "type": "gun",
      "id": "nitrogen:sr_2m"
    }
  }