{
    "ammo": "qkl:rb10",
    "ammo_amount": 10,
    "bolt": "closed_bolt",
    "rpm": 350,
    "bullet": {
      "life": 1,
      "bullet_amount": 1,
      "damage": 13,
      "tracer_count_interval": 0,
      "extra_damage": {
        "armor_ignore": 0.6,
        "head_shot_multiplier": 2,
        "damage_adjust": [
          {"distance": 15, "damage": 14},
          {"distance": 30, "damage": 13},
          {"distance": 60, "damage": 11},
          {"distance": "infinite", "damage": 10}
        ]
      },
      "speed": 400,
      "gravity": 0.025,
      "knockback": 0,
      "friction": 0.015,
      "ignite": false,
      "pierce": 2
    },
    "reload": {
      "type": "magazine",
      "feed": {
        "empty": 2.33,
        "tactical": 1.6
      },
      "cooldown": {
        "empty": 3,
        "tactical": 2.47
      }
    },
    "draw_time": 0.65,
    "put_away_time": 0.5,
    "aim_time": 0.18,
    "sprint_time": 0.2,
    "weight": 4.8,
    "fire_mode": [
      "semi"
    ],
    "recoil": {
      "pitch": [
        {"time": 0, "value": [1.5, 1.5]},
        {"time": 0.3, "value": [1.5, 1.5]},
        {"time": 0.55, "value": [-0.225, -0.225]},
        {"time": 0.7, "value": [0, 0]},
        {"time": 0.8, "value": [0, 0]}
      ],
      "yaw": [
        {"time": 0, "value": [-0.4, -0.2]},
        {"time": 0.45, "value": [-0.4, -0.2]},
        {"time": 0.7, "value": [0, 0]}
      ]
    },

    "melee": {
      "distance": 1,
      "cooldown": 0.7,
      "default": {
        "animation_type": "melee_stock",
        "distance": 0,
        "range_angle": 40,
        "cooldown": 0,
        "damage": 3,
        "knockback": 0.5,
        "prep": 0.1
      }
    },

  "allow_attachment_types": [

    "scope",
    "muzzle"

  ],
    "inaccuracy": {
      "stand": 3,
      "move": 5,
      "sneak": 2.5,
      "lie": 1.5,
      "aim": 0.15
    }
}