{
    "materials": [
        {
            "item": {
              "tag": "forge:ingots/copper"
            },
            "count": 13
          },
          {
            "item": {
              "tag": "forge:gunpowder"
            },
            "count": 4
          },
          {
            "item": {
                "item": "minecraft:flint"
            },
            "count": 3
          }
    ],
    "result": {
      "type": "ammo",
      "id": "nitrogen:9x21",
      "count": 60
    }
  }