{
	"credit": "Made with Blockbench",
	"parent": "block/cross",
	"textures": {
		"0": "block/g_1",
		"1": "block/g_4",
		"3": "block/g_2",
		"particle": "block/top"
	},
	"elements": [
		{
			"from": [9.61612, 0, 15.63388],
			"to": [16.61612, 7, 15.63388],
			"shade": false,
			"rotation": {"angle": 0, "axis": "y", "origin": [13.61612, 3, 15.63388]},
			"faces": {
				"north": {"uv": [0, 0, 16, 16], "texture": "#0", "cullface": "up"},
				"south": {"uv": [16, 0, 0, 16], "texture": "#1", "cullface": "up"}
			}
		},
		{
			"from": [-2.36402, 0, 13.80402],
			"to": [10.65598, 13.02, 13.80402],
			"shade": false,
			"rotation": {"angle": -22.5, "axis": "y", "origin": [17.51598, 5.58, 20.80402]},
			"faces": {
				"north": {"uv": [0, 0, 16, 16], "texture": "#0", "cullface": "up"},
				"south": {"uv": [0, 0, 16, 16], "texture": "#0", "cullface": "up"}
			}
		},
		{
			"from": [3.11612, 0, 15.63388],
			"to": [10.11612, 7, 15.63388],
			"shade": false,
			"rotation": {"angle": 0, "axis": "y", "origin": [7.11612, 3, 15.63388]},
			"faces": {
				"north": {"uv": [0, 0, 16, 16], "texture": "#0", "cullface": "up"},
				"south": {"uv": [16, 0, 0, 16], "texture": "#0", "cullface": "up"}
			}
		},
		{
			"from": [-4.45402, 0, 7.80402],
			"to": [8.56598, 13.02, 7.80402],
			"shade": false,
			"rotation": {"angle": -22.5, "axis": "y", "origin": [5.42598, 5.58, 20.80402]},
			"faces": {
				"north": {"uv": [0, 0, 16, 16], "texture": "#0", "cullface": "up"},
				"south": {"uv": [0, 0, 16, 16], "texture": "#0", "cullface": "up"}
			}
		},
		{
			"from": [-0.52402, 0, 7.78402],
			"to": [12.49598, 13.02, 7.78402],
			"shade": false,
			"rotation": {"angle": -22.5, "axis": "y", "origin": [6.35598, 5.58, 7.78402]},
			"faces": {
				"north": {"uv": [0, 0, 16, 16], "texture": "#0", "cullface": "up"},
				"south": {"uv": [0, 0, 16, 16], "texture": "#0", "cullface": "up"}
			}
		},
		{
			"from": [17.51598, 0, 6.62402],
			"to": [17.51598, 13.02, 19.64402],
			"shade": false,
			"rotation": {"angle": -22.5, "axis": "y", "origin": [17.51598, 5.58, 2.20402]},
			"faces": {
				"east": {"uv": [0, 0, 16, 16], "texture": "#0", "cullface": "up"},
				"west": {"uv": [0, 0, 16, 16], "texture": "#0", "cullface": "up"}
			}
		},
		{
			"from": [0.77598, 0, 2.20402],
			"to": [13.79598, 13.02, 2.20402],
			"shade": false,
			"rotation": {"angle": 0, "axis": "y", "origin": [8.21598, 5.58, 2.20402]},
			"faces": {
				"north": {"uv": [16, 0, 0, 16], "texture": "#0", "cullface": "up"},
				"south": {"uv": [0, 0, 16, 16], "texture": "#0", "cullface": "up"}
			}
		},
		{
			"from": [-1.36787, 0, 11.56467],
			"to": [18.94333, 20.3112, 11.56467],
			"shade": false,
			"rotation": {"angle": -22.5, "axis": "y", "origin": [22.84493, 8.7048, 10.56467]},
			"faces": {
				"north": {"uv": [0, 0, 16, 16], "texture": "#0", "cullface": "up"},
				"south": {"uv": [0, 0, 16, 16], "texture": "#0", "cullface": "up"}
			}
		},
		{
			"from": [4.11612, 0, -2.11612],
			"to": [4.11612, 7, 4.88388],
			"shade": false,
			"rotation": {"angle": -22.5, "axis": "y", "origin": [4.11612, 3, 5.88388]},
			"faces": {
				"east": {"uv": [16, 0, 0, 16], "texture": "#0", "cullface": "up"},
				"west": {"uv": [0, 0, 16, 16], "texture": "#0", "cullface": "up"}
			}
		},
		{
			"from": [0.77598, 0, 0.34402],
			"to": [0.77598, 13.02, 13.36402],
			"shade": false,
			"rotation": {"angle": -22.5, "axis": "y", "origin": [0.77598, 5.58, 15.22402]},
			"faces": {
				"east": {"uv": [0, 0, 16, 16], "texture": "#0", "cullface": "up"},
				"west": {"uv": [0, 0, 16, 16], "texture": "#0", "cullface": "up"}
			}
		},
		{
			"from": [1.11612, 0, 7.88388],
			"to": [1.11612, 7, 14.88388],
			"shade": false,
			"rotation": {"angle": 0, "axis": "y", "origin": [1.11612, 3, 11.88388]},
			"faces": {
				"east": {"uv": [0, 0, 16, 16], "texture": "#0", "cullface": "up"},
				"west": {"uv": [16, 0, 0, 16], "texture": "#1", "cullface": "up"}
			}
		},
		{
			"from": [0.19598, 0, 0.34402],
			"to": [0.19598, 13.02, 13.36402],
			"shade": false,
			"rotation": {"angle": -22.5, "axis": "y", "origin": [-4.80402, 5.58, 15.22402]},
			"faces": {
				"east": {"uv": [0, 0, 16, 16], "texture": "#0", "cullface": "up"},
				"west": {"uv": [0, 0, 16, 16], "texture": "#0", "cullface": "up"}
			}
		},
		{
			"from": [0.11612, 0, 1.88388],
			"to": [0.11612, 7, 8.88388],
			"shade": false,
			"rotation": {"angle": 0, "axis": "y", "origin": [0.11612, 3, 5.88388]},
			"faces": {
				"east": {"uv": [0, 0, 16, 16], "texture": "#0", "cullface": "up"},
				"west": {"uv": [16, 0, 0, 16], "texture": "#0", "cullface": "up"}
			}
		},
		{
			"from": [8.33693, 0, -2.43293],
			"to": [8.33693, 20.3112, 17.87827],
			"shade": false,
			"rotation": {"angle": -22.5, "axis": "y", "origin": [8.33693, 8.7048, 1.85987]},
			"faces": {
				"east": {"uv": [0, 0, 16, 16], "texture": "#0", "cullface": "up"},
				"west": {"uv": [0, 0, 16, 16], "texture": "#0", "cullface": "up"}
			}
		},
		{
			"from": [12.11612, -1, 4.88388],
			"to": [12.11612, 6, 11.88388],
			"shade": false,
			"rotation": {"angle": -22.5, "axis": "y", "origin": [12.11612, 3, 12.88388]},
			"faces": {
				"east": {"uv": [0, 0, 16, 16], "texture": "#3", "cullface": "up"},
				"west": {"uv": [0, 0, 16, 16], "texture": "#0", "cullface": "up"}
			}
		},
		{
			"from": [5.43533, 0, -2.57693],
			"to": [5.43533, 20.3112, 17.73427],
			"shade": false,
			"rotation": {"angle": 0, "axis": "y", "origin": [5.43533, 8.7048, 19.26947]},
			"faces": {
				"east": {"uv": [0, 0, 16, 16], "texture": "#3", "cullface": "up"},
				"west": {"uv": [16, 0, 0, 16], "texture": "#0", "cullface": "up"}
			}
		},
		{
			"from": [0.36612, 0, 9.63388],
			"to": [0.36612, 7, 16.63388],
			"shade": false,
			"rotation": {"angle": 22.5, "axis": "y", "origin": [0.36612, 3, 13.63388]},
			"faces": {
				"east": {"uv": [0, 0, 16, 16], "texture": "#0", "cullface": "up"},
				"west": {"uv": [0, 0, 16, 16], "texture": "#1", "cullface": "up"}
			}
		},
		{
			"from": [2.11612, 0, 2.88388],
			"to": [2.11612, 7, 9.88388],
			"shade": false,
			"rotation": {"angle": 0, "axis": "y", "origin": [2.11612, 3, 6.88388]},
			"faces": {
				"east": {"uv": [0, 0, 16, 16], "texture": "#0", "cullface": "up"},
				"west": {"uv": [0, 0, 16, 16], "texture": "#0", "cullface": "up"}
			}
		},
		{
			"from": [-2.88388, 0, 0.13388],
			"to": [-2.88388, 7, 7.13388],
			"shade": false,
			"rotation": {"angle": -45, "axis": "y", "origin": [0.11612, 3, 8.13388]},
			"faces": {
				"east": {"uv": [0, 0, 16, 16], "texture": "#3", "cullface": "up"},
				"west": {"uv": [0, 0, 16, 16], "texture": "#1", "cullface": "up"}
			}
		},
		{
			"from": [9.11612, 0, -1.11612],
			"to": [9.11612, 7, 5.88388],
			"shade": false,
			"rotation": {"angle": -22.5, "axis": "y", "origin": [9.11612, 3, 6.88388]},
			"faces": {
				"east": {"uv": [0, 0, 16, 16], "texture": "#0", "cullface": "up"},
				"west": {"uv": [0, 0, 16, 16], "texture": "#0", "cullface": "up"}
			}
		},
		{
			"from": [8.11612, 0, 9.63388],
			"to": [8.11612, 7, 16.63388],
			"shade": false,
			"rotation": {"angle": 0, "axis": "y", "origin": [8.11612, 3, 13.63388]},
			"faces": {
				"east": {"uv": [0, 0, 16, 16], "texture": "#0", "cullface": "up"},
				"west": {"uv": [0, 0, 16, 16], "texture": "#0", "cullface": "up"}
			}
		},
		{
			"from": [-0.88388, 0, 0.88388],
			"to": [6.11612, 7, 0.88388],
			"shade": false,
			"rotation": {"angle": 0, "axis": "y", "origin": [2.11612, 3, 0.88388]},
			"faces": {
				"north": {"uv": [0, 0, 16, 16], "texture": "#3", "cullface": "up"},
				"south": {"uv": [0, 0, 16, 16], "texture": "#0", "cullface": "up"}
			}
		},
		{
			"from": [6.11612, 0, 0.88388],
			"to": [13.11612, 7, 0.88388],
			"shade": false,
			"rotation": {"angle": 0, "axis": "y", "origin": [9.11612, 3, 0.88388]},
			"faces": {
				"north": {"uv": [0, 0, 16, 16], "texture": "#0", "cullface": "up"},
				"south": {"uv": [0, 0, 16, 16], "texture": "#0", "cullface": "up"}
			}
		},
		{
			"from": [10.11612, 0, 0.88388],
			"to": [17.11612, 7, 0.88388],
			"shade": false,
			"rotation": {"angle": -22.5, "axis": "y", "origin": [9.11612, 3, 0.88388]},
			"faces": {
				"north": {"uv": [0, 0, 16, 16], "texture": "#1", "cullface": "up"},
				"south": {"uv": [0, 0, 16, 16], "texture": "#3", "cullface": "up"}
			}
		},
		{
			"from": [10.86612, 0, 7.88388],
			"to": [17.86612, 7, 7.88388],
			"shade": false,
			"rotation": {"angle": -22.5, "axis": "y", "origin": [9.86612, 3, 7.88388]},
			"faces": {
				"north": {"uv": [0, 0, 16, 16], "texture": "#0", "cullface": "up"},
				"south": {"uv": [0, 0, 16, 16], "texture": "#0", "cullface": "up"}
			}
		},
		{
			"from": [10.11612, 0, 11.88388],
			"to": [17.11612, 7, 11.88388],
			"shade": false,
			"rotation": {"angle": -22.5, "axis": "y", "origin": [9.11612, 3, 11.88388]},
			"faces": {
				"north": {"uv": [0, 0, 16, 16], "texture": "#1", "cullface": "up"},
				"south": {"uv": [0, 0, 16, 16], "texture": "#0", "cullface": "up"}
			}
		},
		{
			"from": [-0.88388, 0, 6.88388],
			"to": [6.11612, 7, 6.88388],
			"shade": false,
			"rotation": {"angle": 0, "axis": "y", "origin": [2.11612, 3, 6.88388]},
			"faces": {
				"north": {"uv": [0, 0, 16, 16], "texture": "#0", "cullface": "up"},
				"south": {"uv": [0, 0, 16, 16], "texture": "#0", "cullface": "up"}
			}
		}
	],
	"groups": [
		{
			"name": "group",
			"origin": [7.11612, 19, 11.88388],
			"color": 0,
			"children": [0, 1, 2, 3, 4, 5, 6, 7, 8, 9, 10, 11, 12, 13, 14, 15]
		},
		{
			"name": "group",
			"origin": [7.11612, 19, 11.88388],
			"color": 0,
			"children": [16, 17, 18, 19, 20, 21, 22, 23, 24, 25, 26]
		},
		{
			"name": "group",
			"origin": [0.14267, 19.5, 1.19569],
			"color": 0,
			"children": []
		},
		{
			"name": "group",
			"origin": [0.14267, 19.5, 1.19569],
			"color": 0,
			"children": []
		}
	]
}