{
	"credit": "Made with Blockbench",
	"parent": "block/cross",
	"textures": {
		"0": "block/g_1",
		"1": "block/g_4",
		"3": "block/g_2",
		"4": "block/top",
		"5": "block/g_6",
		"6": "block/g_5",
		"particle": "block/top"
	},
	"elements": [
		{
			"from": [0, 0, 0],
			"to": [16, 16, 16],
			"shade": false,
			"faces": {
				"north": {"uv": [0, 0, 16, 16], "texture": "#5", "cullface": "north"},
				"east": {"uv": [0, 0, 16, 16], "texture": "#5", "cullface": "east"},
				"south": {"uv": [0, 0, 16, 16], "texture": "#5", "cullface": "south"},
				"west": {"uv": [0, 0, 16, 16], "texture": "#5", "cullface": "west"},
				"up": {"uv": [0, 0, 16, 16], "texture": "#4", "cullface": "up"},
				"down": {"uv": [0, 0, 16, 16], "texture": "#6", "cullface": "down"}
			}
		},
		{
			"from": [9.61612, 16, 15.63388],
			"to": [16.61612, 23, 15.63388],
			"shade": false,
			"rotation": {"angle": 0, "axis": "y", "origin": [13.61612, 19, 15.63388]},
			"faces": {
				"north": {"uv": [0, 0, 16, 16], "texture": "#0", "cullface": "up"},
				"south": {"uv": [16, 0, 0, 16], "texture": "#1", "cullface": "up"}
			}
		},
		{
			"from": [4.07792, 15.76, 17.36208],
			"to": [13.59792, 25.28, 17.36208],
			"shade": false,
			"rotation": {"angle": -22.5, "axis": "y", "origin": [14.95792, 25.84, 17.36208]},
			"faces": {
				"north": {"uv": [0, 0, 16, 16], "texture": "#0", "cullface": "up"},
				"south": {"uv": [0, 0, 16, 16], "texture": "#0", "cullface": "up"}
			}
		},
		{
			"from": [3.11612, 16, 15.63388],
			"to": [10.11612, 23, 15.63388],
			"shade": false,
			"rotation": {"angle": 0, "axis": "y", "origin": [7.11612, 19, 15.63388]},
			"faces": {
				"north": {"uv": [0, 0, 16, 16], "texture": "#0", "cullface": "up"},
				"south": {"uv": [16, 0, 0, 16], "texture": "#0", "cullface": "up"}
			}
		},
		{
			"from": [-1.38388, 16, 12.88388],
			"to": [5.61612, 23, 12.88388],
			"shade": false,
			"rotation": {"angle": -22.5, "axis": "y", "origin": [6.61612, 19, 14.88388]},
			"faces": {
				"north": {"uv": [0, 0, 16, 16], "texture": "#0", "cullface": "up"},
				"south": {"uv": [0, 0, 16, 16], "texture": "#0", "cullface": "up"}
			}
		},
		{
			"from": [-0.88388, 16, 7.88388],
			"to": [6.11612, 23, 7.88388],
			"shade": false,
			"rotation": {"angle": -22.5, "axis": "y", "origin": [7.11612, 19, 7.88388]},
			"faces": {
				"north": {"uv": [0, 0, 16, 16], "texture": "#0", "cullface": "up"},
				"south": {"uv": [0, 0, 16, 16], "texture": "#0", "cullface": "up"}
			}
		},
		{
			"from": [13.11612, 16, 1.88388],
			"to": [13.11612, 23, 8.88388],
			"shade": false,
			"rotation": {"angle": -22.5, "axis": "y", "origin": [13.11612, 19, 4.88388]},
			"faces": {
				"east": {"uv": [0, 0, 16, 16], "texture": "#0", "cullface": "up"},
				"west": {"uv": [0, 0, 16, 16], "texture": "#0", "cullface": "up"}
			}
		},
		{
			"from": [4.11612, 16, 4.88388],
			"to": [11.11612, 23, 4.88388],
			"shade": false,
			"rotation": {"angle": 0, "axis": "y", "origin": [8.11612, 19, 4.88388]},
			"faces": {
				"north": {"uv": [16, 0, 0, 16], "texture": "#0", "cullface": "up"},
				"south": {"uv": [0, 0, 16, 16], "texture": "#0", "cullface": "up"}
			}
		},
		{
			"from": [5.11612, 16, 8.88388],
			"to": [12.11612, 23, 8.88388],
			"shade": false,
			"rotation": {"angle": -22.5, "axis": "y", "origin": [13.11612, 19, 8.88388]},
			"faces": {
				"north": {"uv": [0, 0, 16, 16], "texture": "#0", "cullface": "up"},
				"south": {"uv": [0, 0, 16, 16], "texture": "#0", "cullface": "up"}
			}
		},
		{
			"from": [4.11612, 16, -2.11612],
			"to": [4.11612, 23, 4.88388],
			"shade": false,
			"rotation": {"angle": -22.5, "axis": "y", "origin": [4.11612, 19, 5.88388]},
			"faces": {
				"east": {"uv": [16, 0, 0, 16], "texture": "#0", "cullface": "up"},
				"west": {"uv": [0, 0, 16, 16], "texture": "#0", "cullface": "up"}
			}
		},
		{
			"from": [4.11612, 16, 3.88388],
			"to": [4.11612, 23, 10.88388],
			"shade": false,
			"rotation": {"angle": -22.5, "axis": "y", "origin": [4.11612, 19, 11.88388]},
			"faces": {
				"east": {"uv": [0, 0, 16, 16], "texture": "#0", "cullface": "up"},
				"west": {"uv": [0, 0, 16, 16], "texture": "#0", "cullface": "up"}
			}
		},
		{
			"from": [1.11612, 16, 7.88388],
			"to": [1.11612, 23, 14.88388],
			"shade": false,
			"rotation": {"angle": 0, "axis": "y", "origin": [1.11612, 19, 11.88388]},
			"faces": {
				"east": {"uv": [0, 0, 16, 16], "texture": "#0", "cullface": "up"},
				"west": {"uv": [16, 0, 0, 16], "texture": "#1", "cullface": "up"}
			}
		},
		{
			"from": [1.11612, 16, 3.88388],
			"to": [1.11612, 23, 10.88388],
			"shade": false,
			"rotation": {"angle": -22.5, "axis": "y", "origin": [1.11612, 19, 11.88388]},
			"faces": {
				"east": {"uv": [0, 0, 16, 16], "texture": "#0", "cullface": "up"},
				"west": {"uv": [0, 0, 16, 16], "texture": "#0", "cullface": "up"}
			}
		},
		{
			"from": [0.11612, 16, 1.88388],
			"to": [0.11612, 23, 8.88388],
			"shade": false,
			"rotation": {"angle": 0, "axis": "y", "origin": [0.11612, 19, 5.88388]},
			"faces": {
				"east": {"uv": [0, 0, 16, 16], "texture": "#0", "cullface": "up"},
				"west": {"uv": [16, 0, 0, 16], "texture": "#0", "cullface": "up"}
			}
		},
		{
			"from": [8.11612, 16, -2.11612],
			"to": [8.11612, 23, 4.88388],
			"shade": false,
			"rotation": {"angle": -22.5, "axis": "y", "origin": [8.11612, 19, 5.88388]},
			"faces": {
				"east": {"uv": [0, 0, 16, 16], "texture": "#0", "cullface": "up"},
				"west": {"uv": [0, 0, 16, 16], "texture": "#0", "cullface": "up"}
			}
		},
		{
			"from": [8.11612, 16, 11.88388],
			"to": [15.11612, 23, 11.88388],
			"shade": false,
			"rotation": {"angle": -22.5, "axis": "y", "origin": [12.11612, 19, 11.88388]},
			"faces": {
				"north": {"uv": [0, 0, 16, 16], "texture": "#0", "cullface": "up"},
				"south": {"uv": [0, 0, 16, 16], "texture": "#0", "cullface": "up"}
			}
		},
		{
			"from": [12.11612, 15, 4.88388],
			"to": [12.11612, 22, 11.88388],
			"shade": false,
			"rotation": {"angle": -22.5, "axis": "y", "origin": [12.11612, 19, 12.88388]},
			"faces": {
				"east": {"uv": [0, 0, 16, 16], "texture": "#3", "cullface": "up"},
				"west": {"uv": [0, 0, 16, 16], "texture": "#0", "cullface": "up"}
			}
		},
		{
			"from": [7.11612, 16, 7.88388],
			"to": [7.11612, 23, 14.88388],
			"shade": false,
			"rotation": {"angle": 0, "axis": "y", "origin": [7.11612, 19, 11.88388]},
			"faces": {
				"east": {"uv": [0, 0, 16, 16], "texture": "#3", "cullface": "up"},
				"west": {"uv": [0, 0, 16, 16], "texture": "#0", "cullface": "up"}
			}
		},
		{
			"from": [0.36612, 16, 9.63388],
			"to": [0.36612, 23, 16.63388],
			"shade": false,
			"rotation": {"angle": 22.5, "axis": "y", "origin": [0.36612, 19, 13.63388]},
			"faces": {
				"east": {"uv": [0, 0, 16, 16], "texture": "#0", "cullface": "up"},
				"west": {"uv": [0, 0, 16, 16], "texture": "#1", "cullface": "up"}
			}
		},
		{
			"from": [1.1747, 16.56, 2.0653],
			"to": [1.1747, 24.68, 10.1853],
			"shade": false,
			"rotation": {"angle": 0, "axis": "y", "origin": [1.1747, 22.04, 6.7053]},
			"faces": {
				"east": {"uv": [0, 0, 16, 16], "texture": "#0", "cullface": "up"},
				"west": {"uv": [0, 0, 16, 16], "texture": "#0", "cullface": "up"}
			}
		},
		{
			"from": [-0.88388, 16, 0.13388],
			"to": [-0.88388, 23, 7.13388],
			"shade": false,
			"rotation": {"angle": -45, "axis": "y", "origin": [0.11612, 19, 8.13388]},
			"faces": {
				"east": {"uv": [0, 0, 16, 16], "texture": "#3", "cullface": "up"},
				"west": {"uv": [0, 0, 16, 16], "texture": "#1", "cullface": "up"}
			}
		},
		{
			"from": [11.11612, 16, -1.11612],
			"to": [11.11612, 23, 5.88388],
			"shade": false,
			"rotation": {"angle": -22.5, "axis": "y", "origin": [9.11612, 19, 6.88388]},
			"faces": {
				"east": {"uv": [0, 0, 16, 16], "texture": "#0", "cullface": "up"},
				"west": {"uv": [0, 0, 16, 16], "texture": "#0", "cullface": "up"}
			}
		},
		{
			"from": [8.11612, 16, 9.63388],
			"to": [8.11612, 23, 16.63388],
			"shade": false,
			"rotation": {"angle": 0, "axis": "y", "origin": [8.11612, 19, 13.63388]},
			"faces": {
				"east": {"uv": [0, 0, 16, 16], "texture": "#0", "cullface": "up"},
				"west": {"uv": [0, 0, 16, 16], "texture": "#0", "cullface": "up"}
			}
		},
		{
			"from": [-0.88388, 16, 0.88388],
			"to": [6.11612, 23, 0.88388],
			"shade": false,
			"rotation": {"angle": 0, "axis": "y", "origin": [2.11612, 19, 0.88388]},
			"faces": {
				"north": {"uv": [0, 0, 16, 16], "texture": "#3", "cullface": "up"},
				"south": {"uv": [0, 0, 16, 16], "texture": "#0", "cullface": "up"}
			}
		},
		{
			"from": [6.11612, 16, 0.88388],
			"to": [13.11612, 23, 0.88388],
			"shade": false,
			"rotation": {"angle": 0, "axis": "y", "origin": [9.11612, 19, 0.88388]},
			"faces": {
				"north": {"uv": [0, 0, 16, 16], "texture": "#0", "cullface": "up"},
				"south": {"uv": [0, 0, 16, 16], "texture": "#0", "cullface": "up"}
			}
		},
		{
			"from": [5.53934, 16.2, 2.46066],
			"to": [13.93934, 24.6, 2.46066],
			"shade": false,
			"rotation": {"angle": -22.5, "axis": "y", "origin": [9.33934, 22.8, -0.53934]},
			"faces": {
				"north": {"uv": [0, 0, 16, 16], "texture": "#1", "cullface": "up"},
				"south": {"uv": [0, 0, 16, 16], "texture": "#3", "cullface": "up"}
			}
		},
		{
			"from": [10.86612, 16, 7.88388],
			"to": [17.86612, 23, 7.88388],
			"shade": false,
			"rotation": {"angle": -22.5, "axis": "y", "origin": [9.86612, 19, 7.88388]},
			"faces": {
				"north": {"uv": [0, 0, 16, 16], "texture": "#0", "cullface": "up"},
				"south": {"uv": [0, 0, 16, 16], "texture": "#0", "cullface": "up"}
			}
		},
		{
			"from": [10.11612, 16, 11.88388],
			"to": [17.11612, 23, 11.88388],
			"shade": false,
			"rotation": {"angle": -22.5, "axis": "y", "origin": [9.11612, 19, 11.88388]},
			"faces": {
				"north": {"uv": [0, 0, 16, 16], "texture": "#1", "cullface": "up"},
				"south": {"uv": [0, 0, 16, 16], "texture": "#0", "cullface": "up"}
			}
		},
		{
			"from": [-0.88388, 16, 6.88388],
			"to": [6.11612, 23, 6.88388],
			"shade": false,
			"rotation": {"angle": 0, "axis": "y", "origin": [2.11612, 19, 6.88388]},
			"faces": {
				"north": {"uv": [0, 0, 16, 16], "texture": "#0", "cullface": "up"},
				"south": {"uv": [0, 0, 16, 16], "texture": "#0", "cullface": "up"}
			}
		},
		{
			"from": [-1.0822, 8.98959, 4.69569],
			"to": [-1.0822, 15.98959, 11.69569],
			"shade": false,
			"rotation": {"angle": -22.5, "axis": "z", "origin": [-1.0822, 13.48959, 8.19569]},
			"faces": {
				"east": {"uv": [0, 0, 16, 16], "rotation": 180, "texture": "#1", "cullface": "west"},
				"west": {"uv": [0, 0, 16, 16], "rotation": 180, "texture": "#0", "cullface": "west"}
			}
		},
		{
			"from": [-1.0822, 9.48959, -0.30431],
			"to": [-1.0822, 16.48959, 6.69569],
			"shade": false,
			"rotation": {"angle": -22.5, "axis": "z", "origin": [-1.0822, 13.48959, 8.19569]},
			"faces": {
				"east": {"uv": [0, 0, 16, 16], "rotation": 180, "texture": "#1", "cullface": "west"},
				"west": {"uv": [0, 0, 16, 16], "rotation": 180, "texture": "#3", "cullface": "west"}
			}
		},
		{
			"from": [-1.0822, 8.98959, 9.69569],
			"to": [-1.0822, 15.98959, 16.69569],
			"shade": false,
			"rotation": {"angle": -22.5, "axis": "z", "origin": [-1.0822, 13.48959, 8.19569]},
			"faces": {
				"east": {"uv": [0, 0, 16, 16], "rotation": 180, "texture": "#1", "cullface": "west"},
				"west": {"uv": [0, 0, 16, 16], "rotation": 180, "texture": "#1", "cullface": "west"}
			}
		},
		{
			"from": [16.9178, 8.98959, 4.19569],
			"to": [16.9178, 15.98959, 11.19569],
			"shade": false,
			"rotation": {"angle": 22.5, "axis": "z", "origin": [16.9178, 13.48959, 7.69569]},
			"faces": {
				"east": {"uv": [0, 0, 16, 16], "rotation": 180, "texture": "#0", "cullface": "east"},
				"west": {"uv": [0, 0, 16, 16], "rotation": 180, "texture": "#1", "cullface": "east"}
			}
		},
		{
			"from": [16.9178, 8.73959, 9.19569],
			"to": [16.9178, 15.73959, 16.19569],
			"shade": false,
			"rotation": {"angle": 22.5, "axis": "z", "origin": [16.9178, 13.48959, 7.69569]},
			"faces": {
				"east": {"uv": [0, 0, 16, 16], "rotation": 180, "texture": "#3", "cullface": "east"},
				"west": {"uv": [0, 0, 16, 16], "rotation": 180, "texture": "#1", "cullface": "east"}
			}
		},
		{
			"from": [16.9178, 8.98959, -0.80431],
			"to": [16.9178, 15.98959, 6.19569],
			"shade": false,
			"rotation": {"angle": 22.5, "axis": "z", "origin": [16.9178, 13.48959, 7.69569]},
			"faces": {
				"east": {"uv": [0, 0, 16, 16], "rotation": 180, "texture": "#1", "cullface": "east"},
				"west": {"uv": [0, 0, 16, 16], "rotation": 180, "texture": "#1", "cullface": "east"}
			}
		},
		{
			"from": [4.1678, 8.98959, -1.05431],
			"to": [11.1678, 15.98959, -1.05431],
			"shade": false,
			"rotation": {"angle": 22.5, "axis": "x", "origin": [7.6678, 13.48959, -1.05431]},
			"faces": {
				"north": {"uv": [0, 0, 16, 16], "rotation": 180, "texture": "#0", "cullface": "north"},
				"south": {"uv": [0, 0, 16, 16], "rotation": 180, "texture": "#1", "cullface": "north"}
			}
		},
		{
			"from": [9.1678, 9.23959, -1.05431],
			"to": [16.1678, 16.23959, -1.05431],
			"shade": false,
			"rotation": {"angle": 22.5, "axis": "x", "origin": [7.6678, 13.48959, -1.05431]},
			"faces": {
				"north": {"uv": [0, 0, 16, 16], "rotation": 180, "texture": "#3", "cullface": "north"},
				"south": {"uv": [0, 0, 16, 16], "rotation": 180, "texture": "#1", "cullface": "north"}
			}
		},
		{
			"from": [-0.8322, 8.98959, -1.05431],
			"to": [6.1678, 15.98959, -1.05431],
			"shade": false,
			"rotation": {"angle": 22.5, "axis": "x", "origin": [7.6678, 13.48959, -1.05431]},
			"faces": {
				"north": {"uv": [0, 0, 16, 16], "rotation": 180, "texture": "#1", "cullface": "north"},
				"south": {"uv": [0, 0, 16, 16], "rotation": 180, "texture": "#1", "cullface": "north"}
			}
		},
		{
			"from": [4.6678, 9.23959, 16.94569],
			"to": [11.6678, 16.23959, 16.94569],
			"shade": false,
			"rotation": {"angle": -22.5, "axis": "x", "origin": [8.1678, 13.73959, 16.94569]},
			"faces": {
				"north": {"uv": [0, 0, 16, 16], "rotation": 180, "texture": "#1", "cullface": "south"},
				"south": {"uv": [0, 0, 16, 16], "rotation": 180, "texture": "#0", "cullface": "south"}
			}
		},
		{
			"from": [-0.3322, 9.23959, 16.94569],
			"to": [6.6678, 16.23959, 16.94569],
			"shade": false,
			"rotation": {"angle": -22.5, "axis": "x", "origin": [8.1678, 13.73959, 16.94569]},
			"faces": {
				"north": {"uv": [0, 0, 16, 16], "rotation": 180, "texture": "#1", "cullface": "south"},
				"south": {"uv": [0, 0, 16, 16], "rotation": 180, "texture": "#3", "cullface": "south"}
			}
		},
		{
			"from": [9.6678, 9.23959, 16.94569],
			"to": [16.6678, 16.23959, 16.94569],
			"shade": false,
			"rotation": {"angle": -22.5, "axis": "x", "origin": [8.1678, 13.73959, 16.94569]},
			"faces": {
				"north": {"uv": [0, 0, 16, 16], "rotation": 180, "texture": "#1", "cullface": "south"},
				"south": {"uv": [0, 0, 16, 16], "rotation": 180, "texture": "#1", "cullface": "south"}
			}
		}
	],
	"groups": [
		0,
		{
			"name": "group",
			"origin": [7.11612, 19, 11.88388],
			"color": 0,
			"children": [1, 2, 3, 4, 5, 6, 7, 8, 9, 10, 11, 12, 13, 14, 15, 16, 17]
		},
		{
			"name": "group",
			"origin": [7.11612, 19, 11.88388],
			"color": 0,
			"children": [18, 19, 20, 21, 22, 23, 24, 25, 26, 27, 28]
		},
		{
			"name": "group",
			"origin": [0.14267, 19.5, 1.19569],
			"color": 0,
			"children": [29, 30, 31, 32, 33, 34]
		},
		{
			"name": "group",
			"origin": [0.14267, 19.5, 1.19569],
			"color": 0,
			"children": [35, 36, 37, 38, 39, 40]
		}
	]
}