{
  "materials": [
    {
      "item": {
        "type": "forge:partial_nbt",
        "item": "tacz:attachment",
        "nbt": {
          "AttachmentId": "arip:open"
        }
      },
      "count": 2
    },
    {
      "item": {
        "tag": "minecraft:music_discs"
      },
      "count": 1
    },
    {
      "item": {
        "item": "minecraft:small_amethyst_bud"
      },
      "count": 1
    },
    {
      "item": {
        "item": "minecraft:amethyst_cluster"
      },
      "count": 1
    }
  ],
  "result": {
    "type": "attachment",
    "id": "arip:openz"
  }
}