{
  "materials": [
    {
      "item": {
        "tag": "forge:ingots/netherite"
      },
      "count": 8
    },
    {
      "item": {
        "item": "minecraft:crying_obsidian"
      },
      "count": 8
    },
    {
      "item": {
        "tag": "minecraft:music_discs"
      },
      "count": 8
    },
    {
      "item": {
        "item": "minecraft:chorus_flower"
      },
      "count": 8
    },
    {
      "item": {
        "item": "minecraft:conduit"
      },
      "count": 4
    },
    {
      "item": {
        "item": "minecraft:trident"
      },
      "count": 4
    },
    {
      "item": {
        "item": "minecraft:dragon_breath"
      },
      "count": 8
    },
    {
      "item": {
        "tag": "forge:nether_stars"
      },
      "count": 1
    }
  ],
  "result": {
    "type": "attachment",
    "id": "arip:vicissitude"
  }
}