{
 
    "materials": [
      {
        "item": {
       
          "tag": "forge:ingots/iron"
        },
        "count": 6
      },
      {
        "item": {
       
          "tag": "minecraft:logs"
        },
        "count": 6
      },
      {
        "item": {
          "type": "forge:partial_nbt",
          "item": "tacz:modern_kinetic_gun",
          "nbt": {
            "GunId": "qkl:1912"
          }
        },
        "count": 1
      }
   
    ],
   
    "result": {
   
      "type": "gun",
     
      "id": "qkl:1912p16"
    }
  }