{
  //"model": "atea:ammo/1163x39",
  //"texture": "atea:ammo/uv/1163x39",
  "slot": "atea:ammo/slot/1163x39",
  "tracer_color": "#FFAAAA",
  "shell": {
    "model": "atea:shell/1163x39_shell",
    "texture": "atea:shell/1163x39_shell"
  },
  "particle": {
    "name": "mycelium",
    "delta": [
      0,
      0,
      0
    ],
    "speed": 0.0,
    "life_time": 50,
    "count": 25
  },
  "transform": {
    "scale": {
      "thirdperson": [
        0.5,
        0.5,
        0.5
      ],
      "ground": [
        0.5,
        0.5,
        0.5
      ],
      "fixed": [
        1,
        1,
        1
      ]
    }
  }
}