{
    "model": "qkl:gun/1897_geo",
    "texture": "qkl:gun/uv/1897",
    "slot": "qkl:gun/slot/1897",
    "hud": "qkl:gun/hud/1897",
    "animation": "qkl:1897",
    "use_default_animation": "rifle",

    "sounds": {
        "shoot": "qkl:1897/1897_shoot",
        "shoot_3p": "qkl:1897/1897_shoot_3p",
        "draw": "qkl:1897/1897_draw",
        "put_away": "qkl:1897/1897_put_away",
        "reload_empty": "qkl:1897/1897_reload_empty",
        "reload_tactical": "qkl:1897/1897_reload_tactical",
        "bolt": "qkl:1897/1897_bolt",
        "inspect_empty": "qkl:1897/1897_inspect_empty",
        "inspect": "qkl:1897/1897_inspect"
       
    
    },
       
    "muzzle_flash": {
       
        "texture": "tacz:flash/common_muzzle_flash",
        
        "scale": 1.5
      },

    "iron_zoom": 1.2,

        "text_show": {
           
            "ammo_count_text_pos": {
             
              "scale": 0.35,
            
              "align": "right",
              
              "shadow": false,
            
              "color": "#53f9af",
            
              "light": 15,
             
              "text": "%1897%"
            }
            
          },

    "transform": {
        "scale": {
           
            "thirdperson": [
                0.7,
                0.7,
                0.7
            ],
           
            "ground": [
                0.7,
                0.7,
                0.7
            ],
           
            "fixed": [
                1.0,
                1.0,
                1.0
            ]
        }
    },
    "third_person_animation": "default"
}